experience,egg,mandible,hardhat,knight,papillosaur,startLife,hasGlove,hasGlove2,hasBomb,pitfalls,spikes,grass,whiteRock,inside,surface,finished,swordHits,bombUsage,explodeHits,thrownHits,time,dirChange,lifeLost,clangs,uselessKeys,moving,standing,percStanding,avgAggro,killEgg,killMandible,killHardhat,killKnight,free,freezed,grabbing,hurt,stairs,loading,spin,swing,tap,carry,lift,treasure,useItem,falling,backOnFeet,prediction,intention,reported
0,1,0,0,0,0,24,0,0,0,0,0,0,0,0,204,1,3,0,0,0,15,19,10,0,0,37,35,0.48611111111111,0.73611111111111,1,0,0,0,7,0,0,5,0,0,0,7,0,0,0,0,0,0,0,3.1823986111111,1,3
0,0,1,0,0,0,14,0,0,0,0,0,0,0,0,88,1,3,0,0,0,7,7,4,0,0,13,20,0.60606060606061,0.66666666666667,0,1,0,0,3,0,0,2,0,0,0,11,0,0,0,0,0,0,0,2.7852242424242,1,2
0,0,0,1,0,0,10,0,0,0,0,0,0,0,0,152,1,3,0,0,0,9,7,0,0,0,14,28,0.66666666666667,0.5952380952381,0,0,1,0,5,0,0,0,0,0,0,7,0,0,0,0,0,0,0,2.470280952381,1,1
0,0,0,0,1,0,10,0,0,0,0,0,0,0,0,96,1,3,0,0,0,6,4,2,0,0,10,17,0.62962962962963,0.62962962962963,0,0,0,1,2,0,0,1,0,0,0,9,0,0,0,0,0,0,0,2.6388962962963,1,2
0,0,0,1,1,0,8,0,0,0,0,0,4,0,0,292,1,6,0,0,0,16,19,0,0,0,31,50,0.61728395061728,0.48148148148148,0,0,1,1,7,0,0,2,0,1,0,17,0,0,0,0,0,0,0,3.2636469135802,3.2108772486772,2
0,0,2,2,0,0,12,0,0,0,0,0,4,0,0,264,1,12,0,0,0,16,15,4,0,0,27,53,0.6625,1.25,0,2,2,0,8,0,0,2,0,3,0,12,3,0,0,0,0,0,0,4.27111875,4.8820724707391,2
0,0,2,1,2,0,8,0,0,0,0,0,0,4,0,272,-1,12,0,0,0,13,12,6,1,0,16,50,0.75757575757576,1.3787878787879,0,1,1,2,7,0,0,4,0,1,0,25,0,0,0,0,0,0,0,5.7611575757576,5.3367053760119,4
